Add Role,"organizational","Healthcare Provider Organization","<br> ","Jerry.Bennett",""
Add Role,"business","Chief Medical Officer","This role grants all necessary access and privileges for the Chief Medical Officer. <br>","Jerry.Bennett","Healthcare Provider Organization"
Add MatchList,"Chief Medical Officer",IDENTITYMATCHLIST,or,"jobtitle","""Chief Medical Officer""",""
Add Role,"business","Physician","This role grants access to all Hospital applications, for example Lawson, EPIC, and EHR, for all physician screens.","Jerry.Bennett","Resident"
Add MatchList,"Physician",IDENTITYMATCHLIST,or,"jobtitle","""Physician""",""
Add Role,"business","Resident","This role grants access for residents at the Healthcare University.<br>","Jerry.Bennett","Healthcare Provider Organization"
Add MatchList,"Resident",IDENTITYMATCHLIST,or,"jobtitle,jobtitle","""Resident"",""Physician""",""
Add Role,"business","Chief Nursing Officer","<span>This role grants all necessary access and privileges for the </span>Chief Nursing Officer.<br>","Jerry.Bennett","Healthcare Provider Organization"
Add MatchList,"Chief Nursing Officer",IDENTITYMATCHLIST,or,"jobtitle","""Chief Nursing Officer""",""
Add Role,"business","Nurse","This is common access for all nurses regardless of location and specialty. This gives nursing accessing to:<br><ul><li>EMR<br></li><li>HIS</li><li>PMS<br></li></ul><br>","Jerry.Bennett","Healthcare Provider Organization"
Add MatchList,"Nurse",IDENTITYMATCHLIST,or,"jobtitle","""Nurse""",""
Add Role,"business","ER Nurse","This role grants access common to all ER nurses at all hospital locations. It gives nursing access to:<br><ul><li>Triage</li><li>ER Case Management<br></li></ul>","Jerry.Bennett","Nurse"
Add MatchList,"ER Nurse",IDENTITYMATCHLIST,or,"jobtitle,description","""Nurse"",""ER""","Active_Directory"
Add Role,"business","ER Nurse Downtown","This role grants access for all ER nurses at the Downtown location. It includes physical building and kiosk access.","Jerry.Bennett","ER Nurse"
Add MatchList,"ER Nurse Downtown",IDENTITYMATCHLIST,or,"jobtitle,description","""Nurse"",""ICU""","Active_Directory"
Add Role,"business","NICU Nurse","This role grants the proper access for NICU Nurses working the daytime shift. This includes proper EHR access.","Jerry.Bennett","Nurse"
Add MatchList,"NICU Nurse",IDENTITYMATCHLIST,or,"jobtitle,description","""Nurse"",""NICU""","Active_Directory"
Add Role,"business","Student","This role gives student level access to all university applications.","Jerry.Bennett","Healthcare Provider Organization"
Add MatchList,"Student",IDENTITYMATCHLIST,or,"jobtitle","""Student""",""
Add Role,"business","Professor","This role grants professor level access to all university applications, include modifying student information.","Jerry.Bennett","Healthcare Provider Organization"
Add MatchList,"Professor",IDENTITYMATCHLIST,or,"jobtitle","""Professor""",""
Add Role,"business","ER Nurse Central","This role grants access for all ER nurses at the Central location. It includes physical building and kiosk access.<br>","Jerry.Bennett","ER Nurse"
Add MatchList,"ER Nurse Central",IDENTITYMATCHLIST,or,"jobtitle,description","""Nurse"",""ICU""","Active_Directory"
Add Role,"null","Cloud Application Access","","",""
Add Role,"AccessIQApp","Google Calendar","This role models user access to Google Calendar via SailPoint AccessIQ<br>","AccessIQ-Admin","Cloud Application Access"
Add Profile,"Google Calendar","","Google Apps","accountname.notNull()"
Add Role,"AccessIQApp","Google Docs","This role models user access to Google Docs via SailPoint AccessIQ<br>","AccessIQ-Admin","Cloud Application Access"
Add Profile,"Google Docs","","Google Apps","accountname.notNull()"
Add Role,"AccessIQApp","Google Mail","This role models user access to Google Mail via SailPoint AccessIQ<br>","AccessIQ-Admin","Cloud Application Access"
Add Profile,"Google Mail","","Google Apps","accountname.notNull()"
Add Role,"AccessIQApp","Salesforce","This role models user access to Salesforce via SailPoint AccessIQ<br>","AccessIQ-Admin","Cloud Application Access"
Add Profile,"Salesforce","","Salesforce","accountname.notNull()"
Add Role,"AccessIQApp","Box","This role models user access to Box via SailPoint AccessIQ<br>","AccessIQ-Admin","Cloud Application Access"
Add Profile,"Box","","Box","accountname.notNull()"
Add Role,"it","User Basic","Role encompassing the most basic access needed within the company.","Dennis.Barnes",""
Add Profile,"User Basic","","Active_Directory","memberOf.containsAll({""CN=Users,OU=Groups,OU=Demo,DC=sailpointdemo,DC=com""})"
Add Role,"it","Accounting General Access","General access required for basic accounting functions. This IT role contains access to general file shares, the accounting portal and basic accounting applications.","Lori.Ferguson","User Basic"
Add Profile,"Accounting General Access","","Active_Directory","memberOf.containsAll({""CN=AccountingGeneral,OU=Groups,OU=Demo,DC=sailpointdemo,DC=com""})"
Add Role,"it","Accounts Payable Access","Access for individuals performing the accounts payable function. This role contains specific permissions for individuals needing to conduct payable functions within the ERP and on the corporate portal via access through Active Directory.","Lori.Ferguson","Accounting General Access"
Add Profile,"Accounts Payable Access","","Finance Portal","(groupmbr.containsAll({""AcctsPayable""}) && groupmbr.containsAll({""FinancialAnalyis""}) && groupmbr.containsAll({""FinancialAnalyis""}))"
Add Role,"it","Payables Approver/Submitter Access","Access for approving and submitting payables. This role has been designed to contain all access for individuals acting in an approval or managerial capacity within the AP group.","Amanda.Ross","Accounting General Access"
Add Profile,"Payables Approver/Submitter Access","","Oasis","","[{""target"":""AP_Logins"",""rights"":""create, delete, update""},{""target"":""AP_Reports"",""rights"":""execute, read""}]"
Add Role,"it","Accounts Receivable Access","Access for individuals performing accounts receivable functions within the accounting group. This role should contain only the access required to perform basic AR functions","Patricia.Jones","Accounting General Access"
Add Profile,"Accounts Receivable Access","","Finance Portal","groupmbr.containsAll({""AcctsReceivable""})"
Add Role,"it","Payroll General Access","General access for individuals working in the payroll group. This IT role has been designed to encompass the most general access needed within the payroll group to manages the preparation, distribution, and reporting processes for payroll.","Amanda.Ross","User Basic"
Add Profile,"Payroll General Access","","Finance Portal","groupmbr.containsAll({""PayrollAnalysis""})"
Add Role,"it","Payroll Approver/Submitter Access","Approval and submitter access within the payroll group. This IT role contains access required to approve and submit payroll requests from the internal group. This includes issue payroll corrections and approve manual checks.","Patricia.Jones","Payroll General Access"
Add Profile,"Payroll Approver/Submitter Access","","Oasis","","[{""target"":""PayrollControls"",""rights"":""create, delete, update""},{""target"":""PayrollProjects"",""rights"":""create, delete""}]"
Add Role,"it","Internal Auditor Access","Access for basic internal audit functions, including access to the audit documentation repository and reporting functions within the corporate ERP.","Lori.Ferguson","User Basic"
Add Profile,"Internal Auditor Access","","Finance Portal","groupmbr.containsAll({""InternalAudit""})"
Add Role,"it","Internal Audit Manager Access","Access for internal audit managers to conduct reviews of workpapers, submit formal audit reports and finalize writeups of exceptions and formal deficiencies.","Patricia.Jones","Internal Auditor Access"
Add Profile,"Internal Audit Manager Access","","Finance Portal","groupmbr.containsAll({""AuditMgmt""})"
Add Role,"it","General Tax Accountant Access","This IT role contains access necessary for general tax accountants. This includes access to file shares and the ability to run tax reporting and analysis functions as well as file tax returns and access related reports.","Patricia.Jones","User Basic"
Add Profile,"General Tax Accountant Access","","Finance Portal","groupmbr.containsAll({""TaxAccting""})"
Add Role,"it","Tax Reviewer Access","Access for reviewing and submitting tax information compiled by basic tax accountants and analysts. Access allows detailed reporting and final modifications for corporate tax.","Amanda.Ross","General Tax Accountant Access"
Add Profile,"Tax Reviewer Access","","Oasis","","[{""target"":""TAX_Users"",""rights"":""create, delete, update""},{""target"":""TAX_FedRpts"",""rights"":""execute, read""}]"
Add Role,"it","Tax Approver Access","This IT role has been established as the highest level of review and approval access for corporate tax. This role contains privileged access that should be only granted to directors and above within the tax organization.","Lori.Ferguson","Tax Reviewer Access"
Add Profile,"Tax Approver Access","","Finance Portal","groupmbr.containsAll({""PlanReview""})"
Add Profile,"Tax Approver Access","","Oasis","","[{""target"":""ReturnApproval"",""rights"":""execute""}]"
Add Role,"it","Financial Analyst Access","Access to financial analysis file shares and analysis within the corporate ERP. Financial analysts have access to view and create financial trending reports and run automated analysis functions.","Amanda.Ross","User Basic"
Add Profile,"Financial Analyst Access","","Finance Portal","groupmbr.containsAll({""FinancialAnalysis""})"
Add Role,"it","Financial Reporting Review and Approval Access","Access for financial reporting planning, preparation and final review and approval. Access to generate financial reporting numbers and review and approval of financial report.","Lori.Ferguson","Financial Analyst Access"
Add Profile,"Financial Reporting Review and Approval Access","","Oasis","","[{""target"":""FinApps"",""rights"":""execute""}]"
Add Role,"it","Financial Systems Analyst Access","Access for business technical analysts that perform support functions for key financial systems.","Lori.Ferguson","User Basic"
Add Profile,"Financial Systems Analyst Access","","Finance Portal","groupmbr.containsAll({""FinancialSystems""})"
Add Role,"it","Financial Systems Manager Access","Access for overseeing and calculation of unit cost for products or services related to a specific job or project. Access allows oversight to any costs that seem contrary to past experience as well as producing cost accounting and operating reports.","Lori.Ferguson","Financial Systems Analyst Access"
Add Profile,"Financial Systems Manager Access","","Oasis","","[{""target"":""FinApps"",""rights"":""create, delete, update""}]"
Add Role,"it","Treasury Analyst Access","Provide analysis and recommendations as needed for investing/borrowing decisions. Complete daily funds transfers to and from banks and operating divisions, vendors and service providers. Assist in executing foreign exchange transactions and maintaining current outstanding position report.","Patricia.Jones","User Basic"
Add Profile,"Treasury Analyst Access","","Finance Portal","groupmbr.containsAll({""Treasury""})"
Add Role,"it","Treasury Currency Analyst Access","Grants all access needed to:<br><ul><li>Audit rate reset, rollover and interest/fee due statements for the Company credit facility</li><li>Maintain debt schedules and ensure timely payment of principal, interest and fees on outstanding Company debt</li><li>Complete all monthly treasury accounting functions to including monthly general ledger account reconciliation's and balance sheet analysis</li></ul>","Patricia.Jones","User Basic"
Add Profile,"Treasury Currency Analyst Access","","Finance Portal","groupmbr.containsAll({""TR_Currency""})"
Add Role,"it","Treasury Hedging Specialist Access","Assist treasury managers in analyzing the effectiveness of derivatives as hedging instruments and perform performance attribution and profit and loss analysis on a variety of derivatives portfolios.","Patricia.Jones","User Basic"
Add Profile,"Treasury Hedging Specialist Access","","Finance Portal","groupmbr.containsAll({""TR_Hedge""})"
Add Role,"it","Treasury Manager Access","Manages the corporate finances and treasury activities. Acts as custodian of funds and assets. Arranges short or long term financing, directs and monitors investments, performs complex financial studies.","Lori.Ferguson","Treasury Analyst Access"
Add Inheritance,"Treasury Manager Access","Treasury Currency Analyst Access"
Add Inheritance,"Treasury Manager Access","Treasury Hedging Specialist Access"
Add Profile,"Treasury Manager Access","","Finance Portal","groupmbr.containsAll({""TR_Lead""})"
Add Role,"business","Treasury Analyst","Assist in executing foreign exchange transactions and maintaining current outstanding position report.","Patricia.Jones","Finance & Accounting"
Add Required,"Treasury Analyst","Treasury Analyst Access"
Add MatchList,"Treasury Analyst",IDENTITYMATCHLIST,or,"jobtitle","""Treasury Analyst""","HR_Employees"
Add Role,"business","Treasury Currency Analyst","Grants all access needed to:<br><ul><li>Audit rate reset, rollover and interest/fee due statements for the Company credit facility</li><li>Maintain debt schedules and ensure timely payment of principal, interest and fees on outstanding Company debt</li><li>Complete all monthly treasury accounting functions to including monthly general ledger account reconciliation's and balance sheet analysis</li></ul>","Patricia.Jones","Finance & Accounting"
Add Required,"Treasury Currency Analyst","Treasury Currency Analyst Access"
Add Role,"business","Treasury Hedging Specialist","Assist treasury managers in analyzing the effectiveness of derivatives as hedging instruments and perform performance attribution and profit and loss analysis on a variety of derivatives portfolios.","Patricia.Jones","Finance & Accounting"
Add Required,"Treasury Hedging Specialist","Treasury Hedging Specialist Access"
Add Role,"business","Treasury Manager","Manages the corporate finances and treasury activities. Acts as custodian of funds and assets. Arranges short or long term financing, directs and monitors investments, performs complex financial studies.","Lori.Ferguson","Treasury Analyst"
Add Inheritance,"Treasury Manager","Treasury Currency Analyst"
Add Inheritance,"Treasury Manager","Treasury Hedging Specialist"
Add Required,"Treasury Manager","Treasury Manager Access"
Add Role,"it","Treasury Director Access","Directs budget and cost controls, financial analysis, accounting practices and reports. Analyzes and interprets financial data and recommends changes to improve systems and financial performance.","Patricia.Jones","Treasury Manager"
Add Profile,"Treasury Director Access","","Finance Portal","groupmbr.containsAll({""PlanReview""})"
Add Role,"it","Financial Planning Analyst Access","Analyzes complex financial data and compiles reports. Provides recommendations to management for establishing and achieving profit objectives. Assesses alternatives and overall financial performance to suggest appropriate course of action.","Amanda.Ross","User Basic"
Add Profile,"Financial Planning Analyst Access","","Finance Portal","groupmbr.containsAll({""FinancialPlanning""})"
Add Role,"it","Data Analyst Access","Conducts initial research, gathers pertinent information, and analyzes results. Recommends financial decision based upon findings.","Amanda.Ross","User Basic"
Add Profile,"Data Analyst Access","","Finance Portal","groupmbr.containsAll({""DPA""})"
Add Role,"it","Recruiter Access","Screens and interviews for non-exempt and exempt positions. Conducts pre-employment tests and reference checks. Provides training and guidance to hiring managers on policies, process, and regulatory issues.","John.Williams","User Basic"
Add Profile,"Recruiter Access","","Active_Directory","memberOf.containsAll({""CN=Recruiting,OU=Groups,OU=Demo,DC=sailpointdemo,DC=com""})"
Add Role,"it","Training & Development Specialist Access","Plans, produces, and administers staff or management training seminars for the organization. Executes programs to develop employee skills and impart organization practices and policies by utilizing various learning methods.","Dennis.Barnes","User Basic"
Add Profile,"Training & Development Specialist Access","","Active_Directory","memberOf.containsAll({""CN=Training,OU=Groups,OU=Demo,DC=sailpointdemo,DC=com""})"
Add Role,"it","HR Manager Access","Manages human resources activities or administers policies according to executive level direction. Also responsible for developing programs or policies. May control compensation and benefits, employee relations, staffing, training, safety, labor relations, and employment records.","Randy.Knight","Recruiter Access"
Add Inheritance,"HR Manager Access","Training & Development Specialist Access"
Add Profile,"HR Manager Access","","Active_Directory","memberOf.containsAll({""CN=RecruitCouncil,OU=Groups,OU=Demo,DC=sailpointdemo,DC=com""})"
Add Role,"it","Benefits Clerk Access","Coordinates enrollment and maintains group insurance records for medical, life, and other coverage for employees and eligible dependents. Processes enrollment forms and provides assistance and information to employees.","Randy.Knight","User Basic"
Add Profile,"Benefits Clerk Access","","Active_Directory","memberOf.containsAll({""CN=Benefits,OU=Groups,OU=Demo,DC=sailpointdemo,DC=com""})"
Add Role,"organizational","Human Resources","Business roles that address workforce needs and employee concerns.","Dennis.Barnes",""
Add Role,"business","Benefits Clerk","Coordinates enrollment and maintains group insurance records for medical, life, and other coverage for employees and eligible dependents. Processes enrollment forms and provides assistance and information to employees.","Randy.Knight","Human Resources"
Add Required,"Benefits Clerk","Benefits Clerk Access"
Add MatchList,"Benefits Clerk",IDENTITYMATCHLIST,or,"jobtitle,jobtitle,jobtitle","""Benefits Clerk"",""Benefits Manager"",""Compensation & Benefits Manager""",""
Add Role,"it","Benefits Manager Access","Produces or advises benefits plans for the organization. Implements programs and procedures. Benefits administered may include health, dental, vision, disability, or retirement. Arranges and affects new programs with benefits vendors. Oversees programs for conformance with government regulations.","Randy.Knight","Benefits Clerk"
Add Profile,"Benefits Manager Access","","Active_Directory","memberOf.containsAll({""CN=BenefitCommittee,OU=Groups,OU=Demo,DC=sailpointdemo,DC=com""})"
Add Role,"it","Compensation Access","Coordinates enrollment and maintains group compensation records for medical, life, and other coverage for employees and eligible dependents. Processes enrollment forms and provides assistance and information to employees.","Dennis.Barnes","User Basic"
Add Profile,"Compensation Access","","Active_Directory","memberOf.containsAll({""CN=Compensation,OU=Groups,OU=Demo,DC=sailpointdemo,DC=com""})"
Add Role,"it","Compensation & Benefits Manager Access","Manages compensation and benefits programs including medical/dental insurance, long and short-term disability, workers' compensation, vacation, sick leave, holiday pay, profit sharing, and retirement programs. May also be responsible for performance appraisal systems and reward or incentive programs.","Randy.Knight","Benefits Manager Access"
Add Inheritance,"Compensation & Benefits Manager Access","Compensation Access"
Add Profile,"Compensation & Benefits Manager Access","","Active_Directory","memberOf.containsAll({""CN=CompCommittee,OU=Groups,OU=Demo,DC=sailpointdemo,DC=com""})"
Add Role,"it","Employee Relations Manager Access","Directs the employee relations function. Develops employee relations policies, and ensures consistent application of company policies and procedures. Performs internal audits and takes appropriate action to correct any employee relations issues. Manages dispute resolution procedures.","Dennis.Barnes","User Basic"
Add Profile,"Employee Relations Manager Access","","Active_Directory","memberOf.containsAll({""CN=Employment,OU=Groups,OU=Demo,DC=sailpointdemo,DC=com""})"
Add Role,"it","Employment Manager Access","Directs recruitment, screening, interviewing, selection, and placement activities for exempt and nonexempt positions. Manages employment functions and staff members. Extends job offers and establishes starting salaries. Arranges advertising or employment agency services. Might produce affirmative action or college recruiting programs.","Dennis.Barnes","Employee Relations Manager Access"
Add Profile,"Employment Manager Access","","Active_Directory","memberOf.containsAll({""CN=RelationsLead,OU=Groups,OU=Demo,DC=sailpointdemo,DC=com"", ""CN=Employment,OU=Groups,OU=Demo,DC=sailpointdemo,DC=com""})"
Add Role,"it","Network Systems Administrator Access","Installs, configures, and maintains the organization's LAN server and workstations. Manages performance and maintains security of LANS. Works with multiple hardware and software platforms at an intermediate level.","Debra.Wood","User Basic"
Add Profile,"Network Systems Administrator Access","","Active_Directory","memberOf.containsAll({""CN=Telecom,OU=Groups,OU=Demo,DC=sailpointdemo,DC=com"", ""CN=SysAdministration,OU=Groups,OU=Demo,DC=sailpointdemo,DC=com""})"
Add Role,"it","Data Communications Analyst Access","Designs, installs, and maintains data communication between mainframe, terminals, printers, LANS, and remote site hardware.","Jane.Grant","User Basic"
Add Profile,"Data Communications Analyst Access","","Active_Directory","memberOf.containsAll({""CN=Telecom,OU=Groups,OU=Demo,DC=sailpointdemo,DC=com"", ""CN=DataComm,OU=Groups,OU=Demo,DC=sailpointdemo,DC=com""})"
Add Role,"organizational","Information Technology","Capabilities that manage and support the technology infrastucture.","Debra.Wood",""
Add Role,"business","Network Systems Administrator","Installs, configures, and maintains the organization's LAN server and workstations. Manages performance and maintains security of LANS. Works with multiple hardware and software platforms at an intermediate level.","Debra.Wood","Information Technology"
Add Required,"Network Systems Administrator","Network Systems Administrator Access"
Add MatchList,"Network Systems Administrator",IDENTITYMATCHLIST,or,"jobtitle,jobtitle,jobtitle","""Network Systems Administrator"",""Telecommunications and Network Manager"",""Global Infrastructure Manager""","HR_Employees"
Add Role,"it","Telecommunications and Network Manager Access","Oversees telecommunications systems including voice, data, and video communication. Manages the planning, design, installation, and maintenance of networks. Works with Information Systems staff to assess telecommunications systems capabilities and determine long-range needs.","Mary.Johnson","Network Systems Administrator"
Add Inheritance,"Telecommunications and Network Manager Access","Data Communications Analyst Access"
Add Profile,"Telecommunications and Network Manager Access","","Active_Directory","memberOf.containsAll({""CN=TCOMControls,OU=Groups,OU=Demo,DC=sailpointdemo,DC=com""})"
Add Role,"it","Windows Administrator Access","Access for windows administrators for strategy setting, planning, supervision, technical, and administrative support for Windows 2000, 2003, x32 and x64 bit servers. Access allows administration of environments per Windows Administrator job requirements.","Jane.Grant","User Basic"
Add Profile,"Windows Administrator Access","","Active_Directory","memberOf.containsAll({""CN=WindowsAdministration,OU=Groups,OU=Demo,DC=sailpointdemo,DC=com""})"
Add Role,"it","Unix Administrator Access","Access for administering the UNIX systems environment, managing cron jobs, backups, installations and user administration.","Jane.Grant","User Basic"
Add Profile,"Unix Administrator Access","","Active_Directory","memberOf.containsAll({""CN=UnixAdministration,OU=Groups,OU=Demo,DC=sailpointdemo,DC=com""})"
Add Role,"it","IT Distributed Systems Manager Access","Access for overseeing the development and maintenance of operating systems. Directs account administration staff and coordinates work with the applications programming area.","Mary.Johnson","Windows Administrator Access"
Add Inheritance,"IT Distributed Systems Manager Access","Unix Administrator Access"
Add Profile,"IT Distributed Systems Manager Access","","Active_Directory","memberOf.containsAll({""CN=SysAdministration,OU=Groups,OU=Demo,DC=sailpointdemo,DC=com""})"
Add Role,"it","Oracle Administrator Access","Access for administration of the oracle database environment as well as related Active Directory functions for supporting documentation and administration coordination and reporting.","Jane.Grant","User Basic"
Add Profile,"Oracle Administrator Access","","Active_Directory","memberOf.containsAll({""CN=DBAs,OU=Groups,OU=Demo,DC=sailpointdemo,DC=com""})"
Add Profile,"Oracle Administrator Access","","Oasis","","[{""target"":""OraSystems"",""rights"":""create, delete, update""}]"
Add Role,"it","IT Database Manager Access","Access to management groups within corporate databases and coordinating approvals to direct data changes in the instance of an emergency.","Mary.Johnson","Oracle Administrator Access"
Add Profile,"IT Database Manager Access","","Oasis","","[{""target"":""DBAGroups"",""rights"":""create, delete, update""}]"
Add Role,"it","Helpdesk Associate Access","Responds to inquiries and requests for assistance with the organization's computer systems or PC's. Identifies problems, troubleshoots and provides advice to assist users. Coordinates with other IS areas to resolve problems if necessary.","Debra.Wood","User Basic"
Add Profile,"Helpdesk Associate Access","","Active_Directory","memberOf.containsAll({""CN=HelpDesk,OU=Groups,OU=Demo,DC=sailpointdemo,DC=com""})"
Add Role,"it","Helpdesk Manager Access","Oversees the planning, installation, control, and maintenance of personal computers within the organization. Analyzes business needs and new technology and makes recommendations. Develops organizational policies and procedures for hardware and software acquisition and use.","Debra.Wood","Helpdesk Associate Access"
Add Profile,"Helpdesk Manager Access","","Oasis","","[{""target"":""HPD_Logins"",""rights"":""create, delete, update""},{""target"":""HPD_Reports"",""rights"":""execute, read""}]"
Add Role,"it","Global Infrastructure Manager Access","Directs IT operations including computer operations, technical support, systems analysis and programming. May also direct database management, telecommunications, IS training and microcomputer technology. Establishes technical priorities, standards, and procedures. Ensures sufficient systems capacity for organizational needs.","Debra.Wood","Telecommunications and Network Manager Access"
Add Inheritance,"Global Infrastructure Manager Access","IT Distributed Systems Manager Access"
Add Inheritance,"Global Infrastructure Manager Access","IT Database Manager Access"
Add Inheritance,"Global Infrastructure Manager Access","Helpdesk Manager Access"
Add Profile,"Global Infrastructure Manager Access","","Active_Directory","memberOf.containsAll({""CN=GlobalComm,OU=Groups,OU=Demo,DC=sailpointdemo,DC=com""})"
Add Role,"it","Security Analyst Access I"," Access to file shares for disaster recovery and security reporting and metrics information. Audit and security dashboards and reporting. Access to forensics tools and coordinating investigations.","Debra.Wood","User Basic"
Add Profile,"Security Analyst Access I","","Active_Directory","memberOf.containsAll({""CN=SecurityAnalysis,OU=Groups,OU=Demo,DC=sailpointdemo,DC=com""})"
Add Role,"it","Security Architect Access","Evaluates and researches current and new security controls and implementations.  Supports other departments in planning and implementing security or disaster recovery actions.","Debra.Wood","User Basic"
Add Profile,"Security Architect Access","","Active_Directory","memberOf.containsAll({""CN=SecurityArchitect,OU=Groups,OU=Demo,DC=sailpointdemo,DC=com""})"
Add Role,"it","RACF Security Priv Access","Privileged access into RACF for performing administrative security functions on the mainframe. This role requires CISO level approval.","Mary.Johnson","User Basic"
Add Profile,"RACF Security Priv Access","","Procurement_System","memberOf.containsAll({""@OPER""})"
Add Role,"it","Information Security Manager Access","In charge of inventory control","Mary.Johnson","Security Analyst Access I"
Add Inheritance,"Information Security Manager Access","Security Architect Access"
Add Inheritance,"Information Security Manager Access","RACF Security Priv Access"
Add Profile,"Information Security Manager Access","","Active_Directory","memberOf.containsAll({""CN=SecCompliance,OU=Groups,OU=Demo,DC=sailpointdemo,DC=com""})"
Add Role,"it","Production Developer Access","Access for creating and modifying production code. This profile grants access to check-in code into production and make emergency production code changes.","Mary.Johnson","User Basic"
Add Profile,"Production Developer Access","","Active_Directory","memberOf.containsAll({""CN=Development,OU=Groups,OU=Demo,DC=sailpointdemo,DC=com""})"
Add Role,"it","Production Test Engineer Access","Tests software operating or applications systems. Monitors build processes and source code related to build processes. Provides analysis related to software design and development, and finds problems.","Mary.Johnson","User Basic"
Add Profile,"Production Test Engineer Access","","Active_Directory","memberOf.containsAll({""CN=QualityAssurance,OU=Groups,OU=Demo,DC=sailpointdemo,DC=com""})"
Add Role,"it","Production Manager Access","Directs production operations and processes for a plant, division, or company. Plans and maintains production schedules. Manages facilities and equipment maintenance.","Debra.Wood","Production Developer Access"
Add Inheritance,"Production Manager Access","Production Test Engineer Access"
Add Profile,"Production Manager Access","","Active_Directory","memberOf.containsAll({""CN=ENG_Mgmt,OU=Groups,OU=Demo,DC=sailpointdemo,DC=com""})"
Add Role,"it","Staging Developer Access","Determines operations required to build products and develops processes to ensure quality, cost, and efficiency requirements are met before the product goes into the build environment.","Debra.Wood","User Basic"
Add Profile,"Staging Developer Access","","Active_Directory","memberOf.containsAll({""CN=Development,OU=Groups,OU=Demo,DC=sailpointdemo,DC=com""})"
Add Role,"it","Staging Test Engineer Access","Determines modifications required to produce products and tests processes to ensure quality, cost, and efficiency requirements are met.","Debra.Wood","User Basic"
Add Profile,"Staging Test Engineer Access","","Active_Directory","memberOf.containsAll({""CN=QualityAssurance,OU=Groups,OU=Demo,DC=sailpointdemo,DC=com""})"
Add Role,"it","Staging Manager Access","Access for preparing for build and testing before production move of code.","Debra.Wood","Staging Developer Access"
Add Inheritance,"Staging Manager Access","Staging Test Engineer Access"
Add Profile,"Staging Manager Access","","Active_Directory","memberOf.containsAll({""CN=ENG_Mgmt,OU=Groups,OU=Demo,DC=sailpointdemo,DC=com""})"
Add Role,"it","Product Developer Access","Focuses on customer facing applications. Creates and produces software operating or applications systems that can be complicated. Provides analysis related to software design and development, and solves engineering problems.","Jane.Grant","User Basic"
Add Profile,"Product Developer Access","","Active_Directory","memberOf.containsAll({""CN=Development,OU=Groups,OU=Demo,DC=sailpointdemo,DC=com""})"
Add Role,"it","Internal Development Manager Access","Focuses on internal tools and applications. Creates and produces software operating or applications systems that can be complicated. Provides analysis related to software design and development, and solves engineering problems.","Jane.Grant","Product Developer Access"
Add Profile,"Internal Development Manager Access","","Active_Directory","memberOf.containsAll({""CN=ENG_Mgmt,OU=Groups,OU=Demo,DC=sailpointdemo,DC=com""})"
Add Role,"it","QA Analyst Access","Researches related products and technologies to find problems and improvements to the product and to processes. Implements testing procedures and reports on problems encountered and revisions needed.","Jane.Grant","User Basic"
Add Profile,"QA Analyst Access","","Active_Directory","memberOf.containsAll({""CN=ENG_Internal,OU=Groups,OU=Demo,DC=sailpointdemo,DC=com""})"
Add Role,"it","Internal QA Manager Access","Develops and implements quality assurance standards, processes, and controls. Develops methods for inspection, testing, sampling, and training. Evaluates production capabilities and recommends improvements.","Jane.Grant","QA Analyst Access"
Add Profile,"Internal QA Manager Access","","Active_Directory","memberOf.containsAll({""CN=ENG_Mgmt,OU=Groups,OU=Demo,DC=sailpointdemo,DC=com""})"
Add Role,"it","Procurement Analyst Access","Performs activities to monitor and maintain inventory control of merchandise or materials. Evaluates inventory levels and notifies purchasing agent when reorders are necessary. Performs receiving, stocking, distributing, and packing in addition to inventory control. Maintains inventory records and prepares reports.","John.Williams","User Basic"
Add Profile,"Procurement Analyst Access","","Active_Directory","memberOf.containsAll({""CN=ProcureAnalysis,OU=Groups,OU=Demo,DC=sailpointdemo,DC=com""})"
Add Role,"it","Cost Savings Analyst Access","Prepares cost accounting records such as subcontracting, field service, sales costs, and research and development costs related to inventory procurement. Computes project costs, compares actual costs to estimates and analyzes variances.","John.Williams","User Basic"
Add Profile,"Cost Savings Analyst Access","","Active_Directory","memberOf.containsAll({""CN=Cost/SavingsAnalysis,OU=Groups,OU=Demo,DC=sailpointdemo,DC=com""})"
Add Role,"it","Procurement Buyer Access","Accomplishes various purchasing assignments that are fairly complicated in nature. Requires ability to understand materials requirements and choose from several options. Compares prices and makes vendor selections or suggestions.","Randy.Knight","User Basic"
Add Profile,"Procurement Buyer Access","","Active_Directory","memberOf.containsAll({""CN=Buyer,OU=Groups,OU=Demo,DC=sailpointdemo,DC=com""})"
Add Role,"it","Procurement Manager Access","Manages inventory of materials, parts, and finished product to maintain required supply. Maintains records, replenishes stock, and plans for future requirements based on orders, production schedules and forecasts.","Randy.Knight","Procurement Analyst Access"
Add Inheritance,"Procurement Manager Access","Cost Savings Analyst Access"
Add Inheritance,"Procurement Manager Access","Procurement Buyer Access"
Add Profile,"Procurement Manager Access","","Active_Directory","memberOf.containsAll({""CN=InventoryMgmt,OU=Groups,OU=Demo,DC=sailpointdemo,DC=com""})"
Add Role,"it","Inventory Analyst Access","Supervises the shipment or receipt of outgoing or incoming materials, parts, or products. Studies shipping and receiving processes for effectiveness. Suggests improvements to distribution procedures, and acts to improve timeliness or reduce costs. Documents shipping or receiving information. Completes reports for management.","Dennis.Barnes","User Basic"
Add Profile,"Inventory Analyst Access","","Active_Directory","memberOf.containsAll({""CN=InvntryAnalysis,OU=Groups,OU=Demo,DC=sailpointdemo,DC=com""})"
Add Role,"it","Receiving Analyst Access","Receives incoming and ships outgoing materials, products, or supplies. Counts items received or shipped and checks against packing lists, recording any discrepancies. Prepares receiving or shipping reports and notes any shortages or damages.","Dennis.Barnes","User Basic"
Add Profile,"Receiving Analyst Access","","Active_Directory","memberOf.containsAll({""CN=ReceivAnalysis,OU=Groups,OU=Demo,DC=sailpointdemo,DC=com""})"
Add Role,"it","Inventory Manager Access","Supervises the shipment or receipt of outgoing or incoming materials, parts, or products. Studies shipping and receiving processes for effectiveness. Suggests improvements to distribution procedures, and acts to improve timeliness or reduce costs. Documents shipping or receiving information. Completes reports for management.","John.Williams","Inventory Analyst Access"
Add Inheritance,"Inventory Manager Access","Receiving Analyst Access"
Add Profile,"Inventory Manager Access","","Active_Directory","memberOf.containsAll({""CN=InventoryMgmt,OU=Groups,OU=Demo,DC=sailpointdemo,DC=com""})"
Add Role,"it","SOX Certifier Access","Group for SOX access certifiers. These individuals review access as a key SOX and statuatory audit control.","Mary.Johnson","User Basic"
Add Profile,"SOX Certifier Access","","Active_Directory","memberOf.containsAll({""CN=SOX_CERT_GROUP,OU=Groups,OU=Demo,DC=sailpointdemo,DC=com""})"
Add Role,"it","SOX Controls and Policy Access","Group for SOX controls owners and individuals monitoring the operation of these controls and policies.","Mary.Johnson","User Basic"
Add Profile,"SOX Controls and Policy Access","","Active_Directory","memberOf.containsAll({""CN=SOX_Controls,OU=Groups,OU=Demo,DC=sailpointdemo,DC=com""})"
Add Role,"it","All Org Controls and Policy Access","Group for overall organizational controls owners and individuals monitoring the operation of these controls and policies.","Mary.Johnson","User Basic"
Add Profile,"All Org Controls and Policy Access","","Active_Directory","memberOf.containsAll({""CN=ORG_Controls,OU=Groups,OU=Demo,DC=sailpointdemo,DC=com""})"
Add Role,"organizational","Finance & Accounting","All activities associated with tracking fiscal responsibilities.","Lori.Ferguson",""
Add Role,"business","Accounts Payable Accountant","Manages the accounts payable function within the organization's established policies. Arranges and oversees completion of all work. Examines records of amounts due and makes sure invoices are paid according to terms and discounts taken. Directs invoice processing and verification, expense coding, and drafting of payment checks or vouchers. Supplies regular or written reports.<br>","Lori.Ferguson","Finance & Accounting"
Add Permitted,"Accounts Payable Accountant","Accounts Payable Access"
Add Required,"Accounts Payable Accountant","Accounting General Access"
Add MatchList,"Accounts Payable Accountant",IDENTITYMATCHLIST,or,"jobtitle,jobtitle","""Accounts Payable Analyst"",""AP Accounting Manager""",""
Add Role,"business","Accounts Payable Approver","Oversees accounts payable record keeping. Supervises recording of amounts due, verification of invoices, and calculation of discounts. Ensures expense coding, voucher preparation, and check issuance are accomplished accurately and timely. Produces various reports for management including accounts payable register.<br><br>This also provides access to <b>Salesforce.com</b> to detect potential conflicts of interest.<br>","Lori.Ferguson","Accounts Payable Accountant"
Add Required,"Accounts Payable Approver","Accounts Payable Access"
Add Required,"Accounts Payable Approver","Accounting General Access"
Add MatchList,"Accounts Payable Approver",IDENTITYMATCHLIST,or,"jobtitle","""AP Accounting Manager""","HR_Employees"
Add Role,"business","Accounts Receivable Accountant","Manages the accounts receivable function within the organization's established policies. Arranges and oversees completion of all work including posting, processing, and verification of receipts, credit claims, refunds, interest charges, or other similar records. Produces regular or special written reports. Suggests improvements in processes to increase effectiveness of unit.","Lori.Ferguson","Finance & Accounting"
Add Required,"Accounts Receivable Accountant","Accounting General Access"
Add MatchList,"Accounts Receivable Accountant",IDENTITYMATCHLIST,or,"jobtitle,jobtitle","""Accounts Receivable Analyst"",""AR Accounting Manager""","HR_Employees"
Add Role,"business","Payroll Analyst","Manages the preparation, distribution, and reporting processes for payroll. Oversees the calculation of wages, overtime, and deductions to ensure compliance with federal and state laws. Ensures that payments and government reports are disbursed timely and accurately. Establishes policies and procedures for the payroll function.","Amanda.Ross","Finance & Accounting"
Add Required,"Payroll Analyst","Payroll General Access"
Add MatchList,"Payroll Analyst",IDENTITYMATCHLIST,or,"jobtitle,jobtitle,jobtitle,jobtitle,jobtitle","""Payroll Analyst"",""Payroll Analyst I"",""Payroll Analyst II"",""Senior Payroll Analyst"",""Payroll Manager""","HR_Employees"
Add Role,"business","Payroll Approver","Grants all access required to:<br><ul><li>Manages the preparation, distribution, and reporting processes for payroll</li><li>Oversees the calculation of wages, overtime, and deductions to ensure compliance with federal and state laws</li></ul>","Patricia.Jones","Payroll Analyst"
Add Permitted,"Payroll Approver","Payroll Approver/Submitter Access"
Add Required,"Payroll Approver","Payroll General Access"
Add MatchList,"Payroll Approver",IDENTITYMATCHLIST,or,"jobtitle","""Payroll Manager""","HR_Employees"
Add Role,"business","Internal Auditor","Conducts audits to verify accuracy of records, compliance with standards, policies and procedures. Compiles audit findings and recommendations for modifications and improvements to systems and procedures.","Lori.Ferguson","Finance & Accounting"
Add Required,"Internal Auditor","Internal Auditor Access"
Add MatchList,"Internal Auditor",IDENTITYMATCHLIST,or,"jobtitle,jobtitle","""Internal Auditor"",""Internal Audit Manager""",""
Add Role,"business","Internal Audit Manager","Directs review and verification of records, compliance with standards, policies and procedures. Develops audit procedures and systems. Oversees audit findings and recommendations. Supervises internal audit staff. ","Patricia.Jones","Internal Auditor"
Add Required,"Internal Audit Manager","Internal Audit Manager Access"
Add MatchList,"Internal Audit Manager",IDENTITYMATCHLIST,or,"jobtitle","""Internal Audit Manager""","HR_Employees"
Add Role,"business","Tax Accountant","Completes professional tax accounting activities for an organization. Sets up and retains organizations's tax records. Files tax returns and prepares related reports.","Patricia.Jones","Finance & Accounting"
Add Required,"Tax Accountant","General Tax Accountant Access"
Add MatchList,"Tax Accountant",IDENTITYMATCHLIST,or,"jobtitle","""Tax Accountant""","HR_Employees"
Add Role,"business","Tax Manager","Completes professional tax accounting activities that are complex in nature. Sets up and retains organization's tax records. Files tax returns and prepares related reports. Performs management studies.","Amanda.Ross","Tax Accountant"
Add Required,"Tax Manager","Tax Reviewer Access"
Add Role,"business","Tax Director","Establishes and carries out a campaign to reduce the organization's tax debt. Adheres to all federal, state, local, or international tax laws. Manages the retention and preparation of tax records, tax returns, and other required reports. Assesses the impact of the organization's tax liability. Oversees tax accounting staff. ","Lori.Ferguson","Tax Manager"
Add Required,"Tax Director","Tax Approver Access"
Add Role,"business","Financial Analyst","Manages the preparation of cost accounting records. Designs and implements cost control procedures.","Amanda.Ross","Finance & Accounting"
Add Required,"Financial Analyst","Financial Analyst Access"
Add Role,"business","Financial Reporting Manager","Plans and directs analysis of financial data. Provides assessment of existing and proposed financial plans and policies. Proposes changes to ensure organization achieves financial targets.","Lori.Ferguson","Financial Analyst"
Add Required,"Financial Reporting Manager","Financial Reporting Review and Approval Access"
Add Role,"business","Financial Systems Analyst","Analyzes financial data, compiles reports and prepares recommendations to management. Develops business plans and forecasts budget comparisons, profit analysis, and other financial reports.","Lori.Ferguson","Finance & Accounting"
Add Required,"Financial Systems Analyst","Financial Systems Analyst Access"
Add MatchList,"Financial Systems Analyst",IDENTITYMATCHLIST,or,"jobtitle","""Financial Systems Analyst""","HR_Employees"
Add Role,"business","Financial Systems Manager","Oversees the recording and calculation of unit cost for products or services related to a specific job or project. Examines any costs that seem contrary to past experience. Organizes cost accounting functions prior to physical inventory. Produces cost accounting or operating reports.","Lori.Ferguson","Financial Systems Analyst"
Add Required,"Financial Systems Manager","Financial Systems Manager Access"
Add MatchList,"Financial Systems Manager",IDENTITYMATCHLIST,or,"jobtitle","""Senior Finance Manager""","HR_Employees"
Add Role,"business","Treasury Director","Directs budget and cost controls, financial analysis, accounting practices and reports. Analyzes and interprets financial data and recommends changes to improve systems and financial performance.","Patricia.Jones","Treasury Manager"
Add Required,"Treasury Director","Treasury Director Access"
Add Role,"business","Financial Planning Analyst","Analyzes complex financial data and compiles reports. Provides recommendations to management for establishing and achieving profit objectives. Assesses alternatives and overall financial performance to suggest appropriate course of action.","Amanda.Ross","Finance & Accounting"
Add Required,"Financial Planning Analyst","Financial Planning Analyst Access"
Add MatchList,"Financial Planning Analyst",IDENTITYMATCHLIST,or,"jobtitle","""Financial Planning Analyst""","HR_Employees"
Add Role,"business","Data Analyst","Conducts initial research, gathers pertinent information, and analyzes results. Recommends financial decision based upon findings.","Amanda.Ross","Finance & Accounting"
Add Permitted,"Data Analyst","Financial Planning Analyst Access"
Add Required,"Data Analyst","Data Analyst Access"
Add MatchList,"Data Analyst",IDENTITYMATCHLIST,or,"jobtitle,jobtitle","""Data Analyst"",""Financial Planning Analyst""","HR_Employees"
Add Role,"business","Financial Planning & Analysis Manager","In charge of inventory control","Amanda.Ross","Financial Planning Analyst"
Add Inheritance,"Financial Planning & Analysis Manager","Data Analyst"
Add Permitted,"Financial Planning & Analysis Manager","Data Analyst Access"
Add Permitted,"Financial Planning & Analysis Manager","Financial Planning Analyst Access"
Add MatchList,"Financial Planning & Analysis Manager",IDENTITYMATCHLIST,or,"jobtitle","""Financial Planning Analyst""","HR_Employees"
Add Role,"business","Recruiter","Screens and interviews for non-exempt and exempt positions. Conducts pre-employment tests and reference checks. Provides training and guidance to hiring managers on policies, process, and regulatory issues.","John.Williams","Human Resources"
Add Required,"Recruiter","Recruiter Access"
Add MatchList,"Recruiter",IDENTITYMATCHLIST,or,"jobtitle,jobtitle","""Recruiter"",""HR Manager""","HR_Employees"
Add Role,"business","Training & Development Specialist","Plans, produces, and administers staff or management training seminars for the organization.","Dennis.Barnes","Human Resources"
Add Required,"Training & Development Specialist","Training & Development Specialist Access"
Add MatchList,"Training & Development Specialist",IDENTITYMATCHLIST,or,"jobtitle,jobtitle","""Training & Development Specialist"",""HR Manager""","HR_Employees"
Add Role,"business","HR Manager","Manages human resources activities or administers policies according to executive level direction. Also responsible for developing programs or policies. May control compensation and benefits, employee relations, staffing, training, safety, labor relations, and employment records.","Randy.Knight","Recruiter"
Add Inheritance,"HR Manager","Training & Development Specialist"
Add Required,"HR Manager","HR Manager Access"
Add MatchList,"HR Manager",IDENTITYMATCHLIST,or,"jobtitle","""HR Manager""","HR_Employees"
Add Role,"business","Benefits Manager","Produces or advises benefits plans for the organization. Implements programs and procedures. Benefits administered may include health, dental, vision, disability, or retirement. Arranges and affects new programs with benefits vendors. Oversees programs for conformance with government regulations.","Randy.Knight","Benefits Clerk"
Add Required,"Benefits Manager","Benefits Manager Access"
Add MatchList,"Benefits Manager",IDENTITYMATCHLIST,or,"jobtitle,jobtitle","""Benefits Manager"",""Compensation & Benefits Manager""","HR_Employees"
Add Role,"business","Compensation","Coordinates enrollment and maintains group compensation records for medical, life, and other coverage for employees and eligible dependents. Processes enrollment forms and provides assistance and information to employees.","Dennis.Barnes","Human Resources"
Add Required,"Compensation","Compensation Access"
Add MatchList,"Compensation",IDENTITYMATCHLIST,or,"jobtitle,jobtitle","""Compensation"",""Compensation & Benefits Manager""","HR_Employees"
Add Role,"business","Compensation & Benefits Manager","Manages compensation and benefits programs including medical/dental insurance, long and short-term disability, workers' compensation, vacation, sick leave, holiday pay, profit sharing, and retirement programs. May also be responsible for performance appraisal systems and reward or incentive programs.","Randy.Knight","Benefits Manager"
Add Inheritance,"Compensation & Benefits Manager","Compensation"
Add Required,"Compensation & Benefits Manager","Compensation & Benefits Manager Access"
Add MatchList,"Compensation & Benefits Manager",IDENTITYMATCHLIST,or,"jobtitle","""Compensation & Benefits Manager""","HR_Employees"
Add Role,"business","Employee Relations Manager","Grants all access need to:<br><ul><li>Directs the employee relations function. Develops employee relations policies</li><li>Ensure consistent application of company policies and procedures</li><li>Performs internal audits and takes appropriate action to correct any employee relations issues.<br></li><li>Manages dispute resolution procedures</li></ul>","Dennis.Barnes","Human Resources"
Add Required,"Employee Relations Manager","Employee Relations Manager Access"
Add MatchList,"Employee Relations Manager",IDENTITYMATCHLIST,or,"jobtitle,jobtitle","""Employee Relations Manager"",""Employment Manager""","HR_Employees"
Add Role,"business","Employment Manager","Directs recruitment, screening, interviewing, selection, and placement activities for exempt and nonexempt positions. Manages employment functions and staff members. Extends job offers and establishes starting salaries. Arranges advertising or employment agency services. Might produce affirmative action or college recruiting programs.","Dennis.Barnes","Employee Relations Manager"
Add Required,"Employment Manager","Employment Manager Access"
Add MatchList,"Employment Manager",IDENTITYMATCHLIST,or,"jobtitle","""Employment Manager""","HR_Employees"
Add Role,"business","Data Communications Analyst","Designs, installs, and maintains data communication between mainframe, terminals, printers, LANS, and remote site hardware.","Jane.Grant","Information Technology"
Add Permitted,"Data Communications Analyst","All Org Controls and Policy Access"
Add Permitted,"Data Communications Analyst","Global Infrastructure Manager Access"
Add Permitted,"Data Communications Analyst","SOX Certifier Access"
Add Required,"Data Communications Analyst","Data Communications Analyst Access"
Add MatchList,"Data Communications Analyst",IDENTITYMATCHLIST,or,"jobtitle,jobtitle,jobtitle","""Data Communications Analyst"",""Telecommunications and Network Manager"",""Global Infrastructure Manager""","HR_Employees"
Add Role,"business","Telecommunications and Network Manager","Oversees telecommunications systems including voice, data, and video communication. Manages the planning, design, installation, and maintenance of networks. Works with Information Systems staff to assess telecommunications systems capabilities and determine long-range needs.","Mary.Johnson","Network Systems Administrator"
Add Inheritance,"Telecommunications and Network Manager","Data Communications Analyst"
Add Permitted,"Telecommunications and Network Manager","Security Architect Access"
Add Required,"Telecommunications and Network Manager","Telecommunications and Network Manager Access"
Add MatchList,"Telecommunications and Network Manager",IDENTITYMATCHLIST,or,"jobtitle,jobtitle,jobtitle","""Telecommunications and Network Manager"",""Data Communications Analyst"",""Network Systems Administrator""","HR_Employees"
Add Role,"business","Windows Administrator","Provides strategy setting, planning, supervision, technical, and administrative support for Windows 2000, 2003, x32 and x64 bit servers. Assists in the development of comprehensive information security procedures and practices and deployment.","Jane.Grant","Information Technology"
Add Permitted,"Windows Administrator","Helpdesk Associate Access"
Add Permitted,"Windows Administrator","Helpdesk Manager Access"
Add Required,"Windows Administrator","Windows Administrator Access"
Add MatchList,"Windows Administrator",IDENTITYMATCHLIST,or,"jobtitle,jobtitle,jobtitle","""Windows Administrator"",""IT Distributed Systems Manager"",""Global Infrastructure Manager""","HR_Employees"
Add Role,"business","Unix Administrator","Installs, supports, maintains, monitors, and tunes operating system software and guest sub-system software (DBMS's, web/internet, imaging, networking, back-up/restore, web server). Also architects and deploys Unix server hardware (CPU's, Disk, tape, memory, network).","Jane.Grant","Information Technology"
Add Permitted,"Unix Administrator","Internal Auditor Access"
Add Required,"Unix Administrator","Unix Administrator Access"
Add MatchList,"Unix Administrator",IDENTITYMATCHLIST,or,"jobtitle,jobtitle,jobtitle","""Unix Administrator"",""IT Distributed Systems Manager"",""Global Infrastructure Manager""","HR_Employees"
Add Role,"business","IT Distributed Systems Manager","Oversees the development and maintenance of operating systems. Directs account administration staff and coordinates work with the applications programming area.","Mary.Johnson","Windows Administrator"
Add Inheritance,"IT Distributed Systems Manager","Unix Administrator"
Add Required,"IT Distributed Systems Manager","IT Distributed Systems Manager Access"
Add MatchList,"IT Distributed Systems Manager",IDENTITYMATCHLIST,or,"jobtitle,jobtitle","""IT Distributed Systems Manager"",""Global Infrastructure Manager""","HR_Employees"
Add Role,"business","Oracle Administrator","Performs installations, upgrades, patches, monitoring, backup and recovery, DR on the DBMS.  Also provides troubleshooting, 24 x 7 on call support, tuning, creation/maintenance of scripts, and query optimization.","Jane.Grant","Information Technology"
Add Required,"Oracle Administrator","Oracle Administrator Access"
Add MatchList,"Oracle Administrator",IDENTITYMATCHLIST,or,"jobtitle,jobtitle,jobtitle","""Oracle Administrator"",""IT Database Manager"",""Global Infrastructure Manager""","HR_Employees"
Add Role,"business","IT Database Manager","Manages the design and development of IS databases and related master files. Oversees contributions by Systems, Operations, and Technical Support to develop and improve databases and master files. Guarantees the performance integrity and quality of databases. Controls system capacity for existing requirements and plans for future needs.","Mary.Johnson","Oracle Administrator"
Add Permitted,"IT Database Manager","Security Analyst Access I"
Add Permitted,"IT Database Manager","SOX Controls and Policy Access"
Add Required,"IT Database Manager","IT Database Manager Access"
Add MatchList,"IT Database Manager",IDENTITYMATCHLIST,or,"jobtitle,jobtitle,jobtitle","""IT Database Manager"",""Global Infrastructure Manager"",""SQL Server Administrator""","HR_Employees"
Add Role,"business","Helpdesk Associate","Responds to inquiries and requests for assistance with the organization's computer systems or PC's. Identifies problems, troubleshoots and provides advice to assist users. Coordinates with other IS areas to resolve problems if necessary.","Jerry.Bennett","Information Technology"
Add Permitted,"Helpdesk Associate","Unix Administrator Access"
Add Permitted,"Helpdesk Associate","Windows Administrator Access"
Add Required,"Helpdesk Associate","Helpdesk Associate Access"
Add MatchList,"Helpdesk Associate",IDENTITYMATCHLIST,or,"jobtitle,jobtitle,jobtitle","""Helpdesk Associate"",""Helpdesk Manager"",""Global Infrastructure Manager""","HR_Employees"
Add Role,"business","Helpdesk Manager","Oversees the planning, installation, control, and maintenance of personal computers within the organization. Analyzes business needs and new technology and makes recommendations. Develops organizational policies and procedures for hardware and software acquisition and use.","Debra.Wood","Helpdesk Associate"
Add Permitted,"Helpdesk Manager","Windows Administrator Access"
Add Permitted,"Helpdesk Manager","Unix Administrator Access"
Add Required,"Helpdesk Manager","Helpdesk Manager Access"
Add MatchList,"Helpdesk Manager",IDENTITYMATCHLIST,or,"jobtitle,jobtitle,jobtitle","""Helpdesk Associate"",""Helpdesk Manager"",""Global Infrastructure Manager""","HR_Employees"
Add Role,"business","Global Infrastructure Manager","Directs IT operations including computer operations, technical support, systems analysis and programming. May also direct database management, telecommunications, IS training and microcomputer technology. Establishes technical priorities, standards, and procedures. Ensures sufficient systems capacity for organizational needs.","Debra.Wood","Telecommunications and Network Manager"
Add Inheritance,"Global Infrastructure Manager","IT Distributed Systems Manager"
Add Inheritance,"Global Infrastructure Manager","IT Database Manager"
Add Inheritance,"Global Infrastructure Manager","Helpdesk Manager"
Add Required,"Global Infrastructure Manager","Global Infrastructure Manager Access"
Add MatchList,"Global Infrastructure Manager",IDENTITYMATCHLIST,or,"jobtitle","""Global Infrastructure Manager""","HR_Employees"
Add Role,"business","Information Security Analyst"," Manages disaster recovery functions for information systems. Arranges and administers security measures to restrict unauthorized use of data systems and databases. Coordinates any security investigations and executes preventive measures. Organizes off-site storage necessary for recovery processes, and oversees development of recovery procedures.","Debra.Wood","Information Technology"
Add Permitted,"Information Security Analyst","IT Database Manager Access"
Add Permitted,"Information Security Analyst","Security Architect Access"
Add Permitted,"Information Security Analyst","SOX Controls and Policy Access"
Add Required,"Information Security Analyst","Security Analyst Access I"
Add MatchList,"Information Security Analyst",IDENTITYMATCHLIST,or,"groupmbr","""SecurityAnalysis""","Active_Directory"
Add Role,"business","Security Architect","Evaluates and researches current and new security controls and implementations.  Supports other departments in planning and implementing security or disaster recovery actions.","Debra.Wood","Information Technology"
Add Permitted,"Security Architect","RACF Security Priv Access"
Add Permitted,"Security Architect","Telecommunications and Network Manager Access"
Add Required,"Security Architect","Security Architect Access"
Add MatchList,"Security Architect",IDENTITYMATCHLIST,or,"jobtitle","""Security Architect""","HR_Employees"
Add Role,"business","RACF Security Administrator","Evaluates and researches current and new security controls and implementations within RACF.  Supports other departments in planning and implementing security or disaster recovery actions.","Mary.Johnson","Information Technology"
Add Required,"RACF Security Administrator","RACF Security Priv Access"
Add MatchList,"RACF Security Administrator",IDENTITYMATCHLIST,or,"jobtitle,jobtitle","""RACF Security Administrator"",""Information Security Manager""","HR_Employees"
Add Role,"business","Information Security Manager","In charge of inventory control","Mary.Johnson","Information Security Analyst"
Add Inheritance,"Information Security Manager","Security Architect"
Add Inheritance,"Information Security Manager","RACF Security Administrator"
Add Permitted,"Information Security Manager","Security Analyst Access I"
Add Permitted,"Information Security Manager","SOX Certifier Access"
Add Required,"Information Security Manager","Information Security Manager Access"
Add MatchList,"Information Security Manager",IDENTITYMATCHLIST,or,"jobtitle","""Information Security Manager""","HR_Employees"
Add Role,"organizational","Engineering","Roles related to the design and implementation of internal and external products.","Jane.Grant",""
Add Role,"business","Production Developer","Creates and produces software operating or applications systems. Modifies build processes and source code related to build processes. Provides analysis related to software design and development, and solves problems.","Mary.Johnson","Engineering"
Add Permitted,"Production Developer","Production Test Engineer Access"
Add Required,"Production Developer","Production Developer Access"
Add MatchList,"Production Developer",IDENTITYMATCHLIST,or,"jobtitle,jobtitle,jobtitle,jobtitle","""Production Developer I"",""Production Developer II"",""Senior Production Manager"",""Production Manager""","HR_Employees"
Add Role,"business","Production Test Engineer","Tests software operating or applications systems. Monitors build processes and source code related to build processes. Provides analysis related to software design and development, and finds problems.","Mary.Johnson","Engineering"
Add Permitted,"Production Test Engineer","Production Test Engineer Access"
Add Permitted,"Production Test Engineer","Staging Test Engineer Access"
Add MatchList,"Production Test Engineer",IDENTITYMATCHLIST,or,"jobtitle,jobtitle","""Production Test Engineer I"",""Production Test Engineer II""","HR_Employees"
Add Role,"business","Production Code Approver","Directs production code operations and processes. Plans and maintains production schedules. Manages code approvals and strategies.","Debra.Wood","Production Developer"
Add Permitted,"Production Code Approver","Production Manager Access"
Add Permitted,"Production Code Approver","Staging Manager Access"
Add MatchList,"Production Code Approver",IDENTITYMATCHLIST,or,"jobtitle,jobtitle","""Senior Production Manager"",""Production Manager""","HR_Employees"
Add Role,"business","Staging Developer","Determines operations required to build products and develops processes to ensure quality, cost, and efficiency requirements are met before the product goes into the build environment.","Debra.Wood","Engineering"
Add Permitted,"Staging Developer","Staging Developer Access"
Add MatchList,"Staging Developer",IDENTITYMATCHLIST,or,"jobtitle,jobtitle","""Staging Developer I"",""Staging Developer II""","HR_Employees"
Add Role,"business","Staging Test Engineer","Determines modifications required to produce products and tests processes to ensure quality, cost, and efficiency requirements are met.","Debra.Wood","Engineering"
Add Permitted,"Staging Test Engineer","Staging Test Engineer Access"
Add Permitted,"Staging Test Engineer","Staging Developer Access"
Add MatchList,"Staging Test Engineer",IDENTITYMATCHLIST,or,"jobtitle,jobtitle","""Staging Test Engineer I"",""Staging Test Engineer II""","HR_Employees"
Add Role,"business","Product Developer","Focuses on customer facing applications. Creates and produces software operating or applications systems that can be complicated. Provides analysis related to software design and development, and solves engineering problems.","Jane.Grant","Engineering"
Add Permitted,"Product Developer","Product Developer Access"
Add MatchList,"Product Developer",IDENTITYMATCHLIST,or,"jobtitle,jobtitle,jobtitle","""Product Developer I"",""Product Developer II"",""Product Developer III""","HR_Employees"
Add Role,"business","Internal Development Facilitator","Focuses on internal tools and applications. Creates and produces software operating or applications systems that can be complicated. Provides analysis related to software design and development, and solves engineering problems.","Jane.Grant","Engineering"
Add Permitted,"Internal Development Facilitator","Internal QA Manager Access"
Add Permitted,"Internal Development Facilitator","Staging Manager Access"
Add Required,"Internal Development Facilitator","Internal Development Manager Access"
Add MatchList,"Internal Development Facilitator",IDENTITYMATCHLIST,or,"jobtitle","""Internal Development Manager""","HR_Employees"
Add Role,"business","QA Analyst","Reasearches the related products and technologies to find problems and improvements to the product and to processes. Implements testing procedures and reports on problems encountered and revisions needed.","Jane.Grant","Engineering"
Add Permitted,"QA Analyst","QA Analyst Access"
Add MatchList,"QA Analyst",IDENTITYMATCHLIST,or,"jobtitle,jobtitle","""QA Analyst"",""Internal QA Manager""","HR_Employees"
Add Role,"business","Internal QA Reviewer","Develops and implements quality assurance standards, processes, and controls. Develops methods for inspection, testing, sampling, and training. Evaluates production capabilities and recommends improvements.","Jane.Grant","QA Analyst"
Add Permitted,"Internal QA Reviewer","QA Analyst Access"
Add Permitted,"Internal QA Reviewer","Staging Manager Access"
Add Required,"Internal QA Reviewer","Internal QA Manager Access"
Add MatchList,"Internal QA Reviewer",IDENTITYMATCHLIST,or,"jobtitle","""Internal QA Manager""","HR_Employees"
Add Role,"organizational","Inventory Management","Business roles related to the management and procurement of inventory.","Randy.Knight",""
Add Role,"business","Procurement Analyst","Performs activities to monitor and maintain inventory control of merchandise or materials. Evaluates inventory levels and notifies purchasing agent when reorders are necessary. Performs receiving, stocking, distributing, and packing in addition to inventory control. Maintains inventory records and prepares reports.","John.Williams","Inventory Management"
Add Permitted,"Procurement Analyst","Inventory Analyst Access"
Add Required,"Procurement Analyst","Procurement Analyst Access"
Add MatchList,"Procurement Analyst",IDENTITYMATCHLIST,or,"jobtitle,jobtitle","""Procurement Analyst"",""Procurement Manager""","HR_Employees"
Add Role,"business","Cost Savings Analyst","Prepares cost accounting records such as subcontracting, field service, sales costs, and research and development costs related to inventory procurement. Computes project costs, compares actual costs to estimates and analyzes variances.","John.Williams","Inventory Management"
Add Required,"Cost Savings Analyst","Cost Savings Analyst Access"
Add MatchList,"Cost Savings Analyst",IDENTITYMATCHLIST,or,"jobtitle,jobtitle","""Cost Savings Analyst"",""Procurement Manager""","HR_Employees"
Add Role,"business","Procurement Buyer","Accomplishes various purchasing assignments that are fairly complicated in nature. Requires ability to understand materials requirements and choose from several options. Compares prices and makes vendor selections or suggestions.","Randy.Knight","Inventory Management"
Add Permitted,"Procurement Buyer","Inventory Analyst Access"
Add Required,"Procurement Buyer","Procurement Buyer Access"
Add MatchList,"Procurement Buyer",IDENTITYMATCHLIST,or,"jobtitle,jobtitle","""Procurement Buyer"",""Procurement Manager""","HR_Employees"
Add Role,"business","Procurement Manager","Manages inventory of materials, parts, and finished product to maintain required supply. Maintains records, replenishes stock, and plans for future requirements based on orders, production schedules and forecasts.","Randy.Knight","Procurement Analyst"
Add Inheritance,"Procurement Manager","Cost Savings Analyst"
Add Inheritance,"Procurement Manager","Procurement Buyer"
Add Permitted,"Procurement Manager","Inventory Analyst Access"
Add Required,"Procurement Manager","Procurement Manager Access"
Add MatchList,"Procurement Manager",IDENTITYMATCHLIST,or,"jobtitle","""Procurement Manager""","HR_Employees"
Add Role,"business","Inventory Analyst","Supervises the shipment or receipt of outgoing or incoming materials, parts, or products. Studies shipping and receiving processes for effectiveness. Suggests improvements to distribution procedures, and acts to improve timeliness or reduce costs. Documents shipping or receiving information. Completes reports for management.","Dennis.Barnes","Inventory Management"
Add Permitted,"Inventory Analyst","Internal Auditor Access"
Add Permitted,"Inventory Analyst","Receiving Analyst Access"
Add Permitted,"Inventory Analyst","Procurement Analyst Access"
Add Permitted,"Inventory Analyst","Procurement Buyer Access"
Add Required,"Inventory Analyst","Inventory Analyst Access"
Add MatchList,"Inventory Analyst",IDENTITYMATCHLIST,or,"jobtitle,jobtitle,jobtitle,jobtitle","""Inventory Analyst I"",""Inventory Analyst II"",""Inventory Analyst III"",""Inventory Manager""","HR_Employees"
Add Role,"business","Receiving Analyst","Receives incoming and ships outgoing materials, products, or supplies. Counts items received or shipped and checks against packing lists, recording any discrepancies. Prepares receiving or shipping reports and notes any shortages or damages.","Dennis.Barnes","Inventory Management"
Add Required,"Receiving Analyst","Receiving Analyst Access"
Add MatchList,"Receiving Analyst",IDENTITYMATCHLIST,or,"jobtitle,jobtitle","""Receiving Analyst"",""Inventory Manager""","HR_Employees"
Add Role,"business","Inventory Manager","Supervises the shipment or receipt of outgoing or incoming materials, parts, or products. Studies shipping and receiving processes for effectiveness. Suggests improvements to distribution procedures, and acts to improve timeliness or reduce costs. Documents shipping or receiving information. Completes reports for management.","John.Williams","Inventory Analyst"
Add Inheritance,"Inventory Manager","Receiving Analyst"
Add Required,"Inventory Manager","Inventory Manager Access"
Add MatchList,"Inventory Manager",IDENTITYMATCHLIST,or,"jobtitle","""Inventory Manager""","HR_Employees"
Add Role,"container","Compliance Processes","Roles related to compliance controls and processes.","spadmin",""
Add Role,"business","SOX Access Reviewer","Serves as an access reviewer/approver for SOX related controls. This role serves to categorize and provide easy transition of duties from one access reviewer to the next, provide easy metrics/reporting, as well as maintain streamline control operation.","Mary.Johnson","Compliance Processes"
Add Permitted,"SOX Access Reviewer","SOX Certifier Access"
Add MatchList,"SOX Access Reviewer",IDENTITYMATCHLIST,or,"jobtitle","""SOX Access Reviewer""","HR_Employees"
Add Role,"business","SOX Controls Manager","Provides control ownership and modification of controls when necessary. This role serves in an advisory capacity managing the operation of controls relevant to SOX.","Mary.Johnson","Compliance Processes"
Add Permitted,"SOX Controls Manager","SOX Controls and Policy Access"
Add Role,"business","Organizational IT Controls Coordinator","Provides control ownership and modification of controls when necessary. This role serves in an advisory capacity managing the operation of controls relevant to the overall organization.","Mary.Johnson","Compliance Processes"
Add Permitted,"Organizational IT Controls Coordinator","All Org Controls and Policy Access"
Add Role,"container","Role Mining","Container for results of Role Mining.","spadmin",""
