employeeId,firstName,lastName,managerId,fullName,email,department,region,location,inactiveIdentity,jobTitle,costcenter
1a2a3a4c,Thomas,Martinez,1a2a3a,Thomas.Martinez,Thomas.Martinez@sailpointdemo.com,Information Technology,Americas,Austin,FALSE,,"R03e, L07e"
1a2a3a4d,Dorothy,Robinson,1a2a3a,Dorothy.Robinson,Dorothy.Robinson@sailpointdemo.com,Information Technology,Americas,Austin,FALSE,,"R03e, L07e"
1a2a3b4c,Nancy,Lee,1a2a3b,Nancy.Lee,Nancy.Lee@sailpointdemo.com,Information Technology,Americas,Austin,FALSE,,"R03e, L07e"
1a2a3b4d,Paul,Walker,1a2a3b,Paul.Walker,Paul.Walker@sailpointdemo.com,Information Technology,Americas,Austin,FALSE,,"R03e, L07e"
1a2a3c4c,Donald,Hernandez,1a2a3c,Donald.Hernandez,Donald.Hernandez@sailpointdemo.com,Engineering,Americas,Austin,FALSE,,"R03e, L07e"
1a2a3c4d,Helen,King,1a2a3c,Helen.King,Helen.King@sailpointdemo.com,Engineering,Americas,Austin,FALSE,,"R03e, L07e"
1a2a3d4c,Donna,Scott,1a2a3d,Donna.Scott,Donna.Scott@sailpointdemo.com,Engineering,Americas,Austin,FALSE,,"R03e, L07e"
1a2a3d4d,Steven,Green,1a2a3d,Steven.Green,Steven.Green@sailpointdemo.com,Engineering,Americas,Austin,FALSE,,"R03e, L07e"
1a2b3a4c,Brian,Nelson,1a2b3a,Brian.Nelson,Brian.Nelson@sailpointdemo.com,Human Resources,Americas,Brazil,FALSE,,"R03e, L09e"
1a2b3a4d,Sharon,Carter,1a2b3a,Sharon.Carter,Sharon.Carter@sailpointdemo.com,Human Resources,Americas,Brazil,FALSE,,"R03e, L09e"
1a2b3b4c,Laura,Turner,1a2b3b,Laura.Turner,Laura.Turner@sailpointdemo.com,Human Resources,Americas,Brazil,FALSE,,"R03e, L09e"
1a2b3b4d,Kevin,Phillips,1a2b3b,Kevin.Phillips,Kevin.Phillips@sailpointdemo.com,Human Resources,Americas,Brazil,FALSE,,"R03e, L09e"
1a2b3c4c,Matthew,Edwards,1a2b3c,Matthew.Edwards,Matthew.Edwards@sailpointdemo.com,Inventory,Americas,Brazil,FALSE,,"R03e, L09e"
1a2b3c4d,Deborah,Collins,1a2b3c,Deborah.Collins,Deborah.Collins@sailpointdemo.com,Inventory,Americas,Brazil,FALSE,,"R03e, L09e"
1a2b3d4c,Shirley,Rogers,1a2b3d,Shirley.Rogers,Shirley.Rogers@sailpointdemo.com,Inventory,Americas,Brazil,FALSE,,"R03e, L09e"
1a2b3d4d,Jose,Reed,1a2b3d,Jose.Reed,Jose.Reed@sailpointdemo.com,Inventory,Americas,Brazil,FALSE,,"R03e, L09e"
1a2c3a4c,Jeffrey,Murphy,1a2c3a,Jeffrey.Murphy,Jeffrey.Murphy@sailpointdemo.com,Accounting,Americas,San Jose,FALSE,,"R03e, L08e"
1a2c3a4d,Melissa,Bailey,1a2c3a,Melissa.Bailey,Melissa.Bailey@sailpointdemo.com,Accounting,Americas,San Jose,FALSE,,"R03e, L08e"
1a2c3b4c,Amy,Cox,1a2c3b,Amy.Cox,Amy.Cox@sailpointdemo.com,Accounting,Americas,San Jose,FALSE,Accounts Payable Analyst,"R03e, L08e"
1a2c3b4d,Eric,Howard,1a2c3b,Eric.Howard,Eric.Howard@sailpointdemo.com,Accounting,Americas,San Jose,FALSE,Accounts Payable Analyst,"R03e, L08e"
1a2c3c4c,Andrew,Gray,1a2c3c,Andrew.Gray,Andrew.Gray@sailpointdemo.com,Finance,Americas,San Jose,FALSE,,"R03e, L08e"
1a2c3c4d,Virginia,Ramirez,1a2c3c,Virginia.Ramirez,Virginia.Ramirez@sailpointdemo.com,Finance,Americas,San Jose,FALSE,,"R03e, L08e"
1a2c3d4c,Pamela,Kelly,1a2c3d,Pamela.Kelly,Pamela.Kelly@sailpointdemo.com,Finance,Americas,San Jose,FALSE,,"R03e, L08e"
1a2c3d4d,Joshua,Sanders,1a2c3d,Joshua.Sanders,Joshua.Sanders@sailpointdemo.com,Finance,Americas,San Jose,FALSE,,"R03e, L08e"
1b2a3a4c,Arthur,Bryant,1b2a3a,Arthur.Bryant,Arthur.Bryant@sailpointdemo.com,Information Technology,Europe,Brussels,FALSE,,"R01e, L01e"
1b2a3a4d,Ann,Alexander,1b2a3a,Ann.Alexander,Ann.Alexander@sailpointdemo.com,Information Technology,Europe,Brussels,FALSE,,"R01e, L01e"
1b2a3b4c,Diane,Hayes,1b2a3b,Diane.Hayes,Diane.Hayes@sailpointdemo.com,Information Technology,Europe,Brussels,FALSE,,"R01e, L01e"
1b2a3b4d,Joe,Myers,1b2a3b,Joe.Myers,Joe.Myers@sailpointdemo.com,Information Technology,Europe,Brussels,FALSE,,"R01e, L01e"
1b2a3c4c,Jack,Sullivan,1b2a3c,Jack.Sullivan,Jack.Sullivan@sailpointdemo.com,Engineering,Europe,Brussels,FALSE,,"R01e, L01e"
1b2a3c4d,Heather,Wallace,1b2a3c,Heather.Wallace,Heather.Wallace@sailpointdemo.com,Engineering,Europe,Brussels,FALSE,,"R01e, L01e"
1b2a3d4c,Doris,Jordan,1b2a3d,Doris.Jordan,Doris.Jordan@sailpointdemo.com,Engineering,Europe,Brussels,FALSE,,"R01e, L01e"
1b2a3d4d,Justin,Owens,1b2a3d,Justin.Owens,Justin.Owens@sailpointdemo.com,Engineering,Europe,Brussels,FALSE,,"R01e, L01e"
1b2b3a4c,Gerald,Harrison,1b2b3a,Gerald.Harrison,Gerald.Harrison@sailpointdemo.com,Human Resources,Europe,Munich,FALSE,,"R01e, L02e"
1b2b3a4d,Jean,Gibson,1b2b3a,Jean.Gibson,Jean.Gibson@sailpointdemo.com,Human Resources,Europe,Munich,FALSE,,"R01e, L02e"
1b2b3b4c,Mildred,Ortiz,1b2b3b,Mildred.Ortiz,Mildred.Ortiz@sailpointdemo.com,Human Resources,Europe,Munich,FALSE,,"R01e, L02e"
1b2b3b4d,Willie,Gomez,1b2b3b,Willie.Gomez,Willie.Gomez@sailpointdemo.com,Human Resources,Europe,Munich,FALSE,,"R01e, L02e"
1b2b3c4c,Lawrence,Webb,1b2b3c,Lawrence.Webb,Lawrence.Webb@sailpointdemo.com,Inventory,Europe,Munich,FALSE,,"R01e, L02e"
1b2b3c4d,Ashley,Simpson,1b2b3c,Ashley.Simpson,Ashley.Simpson@sailpointdemo.com,Inventory,Europe,Munich,FALSE,,"R01e, L02e"
1b2b3d4c,Rose,Hunter,1b2b3d,Rose.Hunter,Rose.Hunter@sailpointdemo.com,Inventory,Europe,Munich,FALSE,,"R01e, L02e"
1b2b3d4d,Benjamin,Hicks,1b2b3d,Benjamin.Hicks,Benjamin.Hicks@sailpointdemo.com,Inventory,Europe,Munich,FALSE,,"R01e, L02e"
1b2c3a4c,Brandon,Mason,1b2c3a,Brandon.Mason,Brandon.Mason@sailpointdemo.com,Accounting,Europe,London,FALSE,Accounts Payable Analyst,"R01e, L03e"
1b2c3a4d,Nicole,Morales,1b2c3a,Nicole.Morales,Nicole.Morales@sailpointdemo.com,Accounting,Europe,London,FALSE,Accounts Payable Analyst,"R01e, L03e"
1b2c3b4c,Christina,Ramos,1b2c3b,Christina.Ramos,Christina.Ramos@sailpointdemo.com,Accounting,Europe,London,FALSE,Accounts Payable Analyst,"R01e, L03e"
1b2c3b4d,Fred,Reyes,1b2c3b,Fred.Reyes,Fred.Reyes@sailpointdemo.com,Accounting,Europe,London,FALSE,,"R01e, L03e"
1b2c3c4c,Billy,Holmes,1b2c3c,Billy.Holmes,Billy.Holmes@sailpointdemo.com,Finance,Europe,London,FALSE,,"R01e, L03e"
1b2c3c4d,Beverly,Rice,1b2c3c,Beverly.Rice,Beverly.Rice@sailpointdemo.com,Finance,Europe,London,FALSE,,"R01e, L03e"
1b2c3d4c,Tammy,Daniels,1b2c3d,Tammy.Daniels,Tammy.Daniels@sailpointdemo.com,Finance,Europe,London,FALSE,,"R01e, L03e"
1b2c3d4d,Jeremy,Palmer,1b2c3d,Jeremy.Palmer,Jeremy.Palmer@sailpointdemo.com,Finance,Europe,London,FALSE,,"R01e, L03e"
1c2a3a4c,Ernest,Wagner,1c2a3a,Ernest.Wagner,Ernest.Wagner@sailpointdemo.com,Information Technology,Asia-Pacific,Singapore,FALSE,,"R02e, L04e"
1c2a3a4d,Jacqueline,Willis,1c2a3a,Jacqueline.Willis,Jacqueline.Willis@sailpointdemo.com,Information Technology,Asia-Pacific,Singapore,FALSE,,"R02e, L04e"
1c2a3b4c,Bonnie,Carroll,1c2a3b,Bonnie.Carroll,Bonnie.Carroll@sailpointdemo.com,Information Technology,Asia-Pacific,Singapore,FALSE,,"R02e, L04e"
1c2a3b4d,Jesse,Duncan,1c2a3b,Jesse.Duncan,Jesse.Duncan@sailpointdemo.com,Information Technology,Asia-Pacific,Singapore,FALSE,,"R02e, L04e"
1c2a3c4c,Alan,Bradley,1c2a3c,Alan.Bradley,Alan.Bradley@sailpointdemo.com,Engineering,Asia-Pacific,Singapore,FALSE,,"R02e, L04e"
1c2a3c4d,Lois,Lane,1c2a3c,Lois.Lane,Lois.Lane@sailpointdemo.com,Engineering,Asia-Pacific,Singapore,FALSE,,"R02e, L04e"
1c2a3d4c,Phyllis,Fox,1c2a3d,Phyllis.Fox,Phyllis.Fox@sailpointdemo.com,Engineering,Asia-Pacific,Singapore,FALSE,,"R02e, L04e"
1c2a3d4d,Sean,Riley,1c2a3d,Sean.Riley,Sean.Riley@sailpointdemo.com,Engineering,Asia-Pacific,Singapore,FALSE,,"R02e, L04e"
1c2b3a4c,Chris,Greene,1c2b3a,Chris.Greene,Chris.Greene@sailpointdemo.com,Human Resources,Asia-Pacific,Tokyo,FALSE,,"R02e, L05e"
1c2b3a4d,Diana,Lawrence,1c2b3a,Diana.Lawrence,Diana.Lawrence@sailpointdemo.com,Human Resources,Asia-Pacific,Tokyo,FALSE,,"R02e, L05e"
1c2b3b4c,Lillian,Austin,1c2b3b,Lillian.Austin,Lillian.Austin@sailpointdemo.com,Human Resources,Asia-Pacific,Tokyo,FALSE,,"R02e, L05e"
1c2b3b4d,Jimmy,Peters,1c2b3b,Jimmy.Peters,Jimmy.Peters@sailpointdemo.com,Human Resources,Asia-Pacific,Tokyo,FALSE,,"R02e, L05e"
1c2b3c4c,Danny,Fields,1c2b3c,Danny.Fields,Danny.Fields@sailpointdemo.com,Inventory,Asia-Pacific,Tokyo,FALSE,,"R02e, L05e"
1c2b3c4d,Peggy,Gutierrez,1c2b3c,Peggy.Gutierrez,Peggy.Gutierrez@sailpointdemo.com,Inventory,Asia-Pacific,Tokyo,FALSE,,"R02e, L05e"
1c2b3d4c,Gladys,Vasquez,1c2b3d,Gladys.Vasquez,Gladys.Vasquez@sailpointdemo.com,Inventory,Asia-Pacific,Tokyo,FALSE,,"R02e, L05e"
1c2b3d4d,Luis,Castillo,1c2b3d,Luis.Castillo,Luis.Castillo@sailpointdemo.com,Inventory,Asia-Pacific,Tokyo,FALSE,,"R02e, L05e"
1c2c3a4c,Stanley,Montgomery,1c2c3a,Stanley.Montgomery,Stanley.Montgomery@sailpointdemo.com,Accounting,Asia-Pacific,Taipei,FALSE,,"R02e, L06e"
1c2c3a4d,Connie,Richards,1c2c3a,Connie.Richards,Connie.Richards@sailpointdemo.com,Accounting,Asia-Pacific,Taipei,FALSE,,"R02e, L06e"
1c2c3b4c,Tracy,Meyer,1c2c3b,Tracy.Meyer,Tracy.Meyer@sailpointdemo.com,Accounting,Asia-Pacific,Taipei,FALSE,,"R02e, L06e"
1c2c3b4d,Dale,Bishop,1c2c3b,Dale.Bishop,Dale.Bishop@sailpointdemo.com,Accounting,Asia-Pacific,Taipei,FALSE,,"R02e, L06e"
1c2c3c4c,Rodney,Morrison,1c2c3c,Rodney.Morrison,Rodney.Morrison@sailpointdemo.com,Finance,Asia-Pacific,Taipei,FALSE,,"R02e, L06e"
1c2c3c4d,Carmen,Hansen,1c2c3c,Carmen.Hansen,Carmen.Hansen@sailpointdemo.com,Finance,Asia-Pacific,Taipei,FALSE,,"R02e, L06e"
1c2c3d4c,Cindy,Little,1c2c3d,Cindy.Little,Cindy.Little@sailpointdemo.com,Finance,Asia-Pacific,Taipei,FALSE,,"R02e, L06e"
1c2c3d4d,Allen,Burton,1c2c3d,Allen.Burton,Allen.Burton@sailpointdemo.com,Finance,Asia-Pacific,Taipei,FALSE,,"R02e, L06e"
