spadmin,auth_question_mothers_maiden_name,maiden
spadmin,auth_question_favorite_color,colour
spadmin,auth_question_first_street,street
Adam.Kennedy,auth_question_mothers_maiden_name,maiden
Adam.Kennedy,auth_question_favorite_color,colour
Adam.Kennedy,auth_question_first_street,street
Amanda.Ross,auth_question_mothers_maiden_name,maiden
Amanda.Ross,auth_question_favorite_color,colour
Amanda.Ross,auth_question_first_street,street
Debra.Wood,auth_question_mothers_maiden_name,maiden
Debra.Wood,auth_question_favorite_color,colour
Debra.Wood,auth_question_first_street,street
Dennis.Barnes,auth_question_mothers_maiden_name,maiden
Dennis.Barnes,auth_question_favorite_color,colour
Dennis.Barnes,auth_question_first_street,street
Howard.Rose,auth_question_mothers_maiden_name,maiden
Howard.Rose,auth_question_favorite_color,colour
Howard.Rose,auth_question_first_street,street
Jane.Grant,auth_question_mothers_maiden_name,maiden
Jane.Grant,auth_question_favorite_color,colour
Jane.Grant,auth_question_first_street,street
Jerry.Bennett,auth_question_mothers_maiden_name,maiden
Jerry.Bennett,auth_question_favorite_color,colour
Jerry.Bennett,auth_question_first_street,street
John.Williams,auth_question_mothers_maiden_name,maiden
John.Williams,auth_question_favorite_color,colour
John.Williams,auth_question_first_street,street
Joseph.Thompson,auth_question_mothers_maiden_name,maiden
Joseph.Thompson,auth_question_favorite_color,colour
Joseph.Thompson,auth_question_first_street,street
Joyce.Griffin,auth_question_mothers_maiden_name,maiden
Joyce.Griffin,auth_question_favorite_color,colour
Joyce.Griffin,auth_question_first_street,street
Lori.Ferguson,auth_question_mothers_maiden_name,maiden
Lori.Ferguson,auth_question_favorite_color,colour
Lori.Ferguson,auth_question_first_street,street
Martin.Matthews,auth_question_mothers_maiden_name,maiden
Martin.Matthews,auth_question_favorite_color,colour
Martin.Matthews,auth_question_first_street,street
Mary.Johnson,auth_question_mothers_maiden_name,maiden
Mary.Johnson,auth_question_favorite_color,colour
Mary.Johnson,auth_question_first_street,street
Patricia.Jones,auth_question_mothers_maiden_name,maiden
Patricia.Jones,auth_question_favorite_color,colour
Patricia.Jones,auth_question_first_street,street
Phillip.Ray,auth_question_mothers_maiden_name,maiden
Phillip.Ray,auth_question_favorite_color,colour
Phillip.Ray,auth_question_first_street,street
Randy.Knight,auth_question_mothers_maiden_name,maiden
Randy.Knight,auth_question_favorite_color,colour
Randy.Knight,auth_question_first_street,street
